"0","# Updating the dataframe by introducing a new column - continent:"
"0","data <- data |>"
"0","  mutate(continent = case_when("
"0","    region %in% c(""North America and ANZ"") ~ ""Americas"","
"0","    region %in% c(""Latin America and Caribbean"") ~ ""Americas"","
"0","    "
"0","    region %in% c(""Western Europe"", ""Central and Eastern Europe"") ~ ""Europe"","
"0","    region %in% c(""Commonwealth of Independent States"") ~ ""Europe"","
"0","    "
"0","    region %in% c(""East Asia"", ""South Asia"", ""Southeast Asia"") ~ ""Asia"","
"0","    "
"0","    region %in% c(""Middle East and North Africa"") ~ ""Africa"","
"0","    region %in% c(""Sub-Saharan Africa"", ""Africa"") ~ ""Africa"""
"0","  ))"
"0",""
"0","# Creating a scatterplot colored by continent: "
"0","ggplot(data, aes(x = gdp_per_capita, y = happiness_score, color = continent)) +"
"0","  geom_point(alpha = 1, size = 1.5) +  "
"0","  geom_smooth(method = ""lm"", se = FALSE, color = ""black"") +  "
"0","  labs(title = ""Happiness Score vs GDP per Capita (Colored by Continents)"","
"0","       x = ""GDP per Capita"","
"0","       y = ""Happiness Score"") +"
"0","  theme_classic()"
