"0","# Selecting variables for the correlation matrix:"
"0","selected_features <- data |>"
"0","  select(happiness_score, gdp_per_capita, social_support, "
"0","         healthy_life_expectancy, freedom_to_make_life_choices, "
"0","         generosity, perceptions_of_corruption)"
"0",""
"0","correlation_matrix <- cor(selected_features)"
"0",""
"0","# Selecting colors to represent correlation near 1, 0, -1:"
"0","corr_colors <- colorRampPalette(c(""orange"", ""white"", ""purple""))(200)"
"0",""
"0","# Creating the correlation matrix:"
"0","corrplot(correlation_matrix, method = ""circle"", type = ""upper"", "
"0","         col = corr_colors, tl.col = ""black"", tl.cex = 0.8, cl.cex = 0.8, number.cex = 0.7)"
