{"chunk_definitions":[{"row":20,"row_count":1,"visible":true,"expansion_state":0,"options":{"engine":"r","warning":false,"message":false,"label":"unnamed-chunk-3"},"document_id":"F33239E9","chunk_id":"cmi3guf0z2xuf","chunk_label":"unnamed-chunk-1"},{"row":25,"row_count":1,"visible":true,"expansion_state":0,"options":{"engine":"r","echo":false,"warning":false,"message":false,"label":"unnamed-chunk-4"},"document_id":"21DAE567","chunk_id":"celslwpiej433","chunk_label":"unnamed-chunk-2"},{"row":68,"row_count":1,"visible":true,"expansion_state":0,"options":{"engine":"r","warning":false,"message":false,"label":"unnamed-chunk-5"},"document_id":"F33239E9","chunk_id":"ceaadcfdvsvs0","chunk_label":"unnamed-chunk-3"},{"row":88,"row_count":1,"visible":true,"expansion_state":0,"options":{"engine":"r","warning":false,"message":false,"label":"unnamed-chunk-6"},"document_id":"F33239E9","chunk_id":"cqpbw7l5th06y","chunk_label":"unnamed-chunk-4"},{"row":129,"row_count":1,"visible":true,"expansion_state":0,"options":{"engine":"r","warning":false,"message":false,"label":"unnamed-chunk-7"},"document_id":"F33239E9","chunk_id":"ccvgypd84qmbx","chunk_label":"unnamed-chunk-5"},{"row":149,"row_count":1,"visible":true,"expansion_state":0,"options":{"engine":"r","warning":false,"message":false,"label":"unnamed-chunk-8"},"document_id":"F33239E9","chunk_id":"cwv5d0h50fqit","chunk_label":"unnamed-chunk-6"}],"doc_write_time":1744383308,"chunk_rendered_width":686}