{"chunk_definitions":[{"row":53,"row_count":1,"visible":true,"expansion_state":0,"options":{"engine":"r","label":"setup","include":false},"document_id":"BA32C933","chunk_id":"csetup_chunk","chunk_label":"setup"},{"row":62,"row_count":1,"visible":true,"expansion_state":0,"options":{"engine":"r","label":"unnamed-chunk-1"},"document_id":"BA32C933","chunk_id":"cfn1062ukco74","chunk_label":"setup"},{"row":78,"row_count":1,"visible":true,"expansion_state":0,"options":{"engine":"r","label":"unnamed-chunk-2"},"document_id":"BA32C933","chunk_id":"c04j9udd7jvkp","chunk_label":"unnamed-chunk-2"},{"row":85,"row_count":1,"visible":true,"expansion_state":0,"options":{"engine":"r","label":"exercise-select-filter","exercise":true},"document_id":"BA32C933","chunk_id":"cv62z1osfhcws","chunk_label":"exercise-select-filter"},{"row":92,"row_count":1,"visible":true,"expansion_state":0,"options":{"engine":"r","label":"unnamed-chunk-5"},"document_id":"BA32C933","chunk_id":"cb8xpug4tfjxo","chunk_label":"unnamed-chunk-3"},{"row":98,"row_count":1,"visible":true,"expansion_state":0,"options":{"engine":"r","label":"exercise-add-flag","exercise":true},"document_id":"BA32C933","chunk_id":"czm00yvf96p6l","chunk_label":"exercise-add-flag"},{"row":106,"row_count":1,"visible":true,"expansion_state":0,"options":{"engine":"r","label":"unnamed-chunk-6"},"document_id":"BA32C933","chunk_id":"cussxg072yyne","chunk_label":"unnamed-chunk-4"},{"row":114,"row_count":1,"visible":true,"expansion_state":0,"options":{"engine":"r","label":"unnamed-chunk-7"},"document_id":"BA32C933","chunk_id":"c78nvn13nguq7","chunk_label":"unnamed-chunk-5"},{"row":122,"row_count":1,"visible":true,"expansion_state":0,"options":{"engine":"r","label":"unnamed-chunk-8"},"document_id":"BA32C933","chunk_id":"c1di5stau8xwe","chunk_label":"unnamed-chunk-6"},{"row":131,"row_count":1,"visible":true,"expansion_state":0,"options":{"engine":"r","label":"exercise-summary-minmax","exercise":true},"document_id":"BA32C933","chunk_id":"c0bqfdmm30rsq","chunk_label":"exercise-summary-minmax"}],"doc_write_time":1744390056,"working_dir":null,"default_chunk_options":{"tutorial":true},"chunk_rendered_width":686}