{"chunk_definitions":[{"row":54,"row_count":1,"visible":true,"expansion_state":0,"options":{"engine":"r","label":"setup","include":false},"document_id":"BA32C933","chunk_id":"csetup_chunk","chunk_label":"setup"},{"row":63,"row_count":1,"visible":true,"expansion_state":0,"options":{"engine":"r","label":"unnamed-chunk-1"},"document_id":"BA32C933","chunk_id":"cfn1062ukco74","chunk_label":"setup"},{"row":81,"row_count":1,"visible":true,"expansion_state":0,"options":{"engine":"r","label":"unnamed-chunk-2"},"document_id":"BA32C933","chunk_id":"c04j9udd7jvkp","chunk_label":"unnamed-chunk-2"},{"row":110,"row_count":1,"visible":true,"expansion_state":0,"options":{"engine":"r","label":"unnamed-chunk-5"},"document_id":"BA32C933","chunk_id":"cb8xpug4tfjxo","chunk_label":"unnamed-chunk-3"},{"row":139,"row_count":1,"visible":true,"expansion_state":0,"options":{"engine":"r","label":"unnamed-chunk-6"},"document_id":"BA32C933","chunk_id":"cussxg072yyne","chunk_label":"unnamed-chunk-5"}],"doc_write_time":1744406360,"working_dir":null,"default_chunk_options":{"tutorial":true},"chunk_rendered_width":686}